매수일,6th,7th,8th,9th,10th,11th,12th,13th,14th,15th
2019-11-15,0.0,0.0,0.0,0.0,0.24630541871921183,0.24630541871921183,0.24630541871921183,0.24630541871921183,0.24630541871921183,-0.24630541871921183
