매수일,6th,7th,8th,9th,10th,11th,12th,13th,14th,15th
2019-11-21,0.32679738562091504,0.4357298474945534,-1.5250544662309369,-0.7625272331154684,-3.5947712418300655,-2.6143790849673203,-1.9607843137254901,-3.2679738562091503,-1.198257080610022,0.7625272331154684
