매수일,6th,7th,8th,9th,10th,11th,12th,13th,14th,15th
2016-08-05,-3.6474164133738602,4.86322188449848,6.990881458966565,4.86322188449848,-2.735562310030395,-5.775075987841945,-5.47112462006079,-6.686930091185411,-8.51063829787234,-2.43161094224924
