매수일,6th,7th,8th,9th,10th,11th,12th,13th,14th,15th
2019-11-04,2.192982456140351,-0.6578947368421053,-5.592105263157895,-4.276315789473684,-7.017543859649122,-8.442982456140351,-12.06140350877193,-17.653508771929825,-17.763157894736842,-15.570175438596491
