매수일,6th,7th,8th,9th,10th,11th,12th,13th,14th,15th
2018-08-17,0.4672897196261682,0.4672897196261682,8.09968847352025,10.12461059190031,9.034267912772586,12.616822429906541,18.22429906542056,18.22429906542056,17.757009345794394,17.133956386292834
