매수일,6th,7th,8th,9th,10th,11th,12th,13th,14th,15th
2019-03-11,3.225806451612903,4.838709677419355,3.763440860215054,3.763440860215054,-1.881720430107527,1.075268817204301,1.6129032258064515,3.763440860215054,1.075268817204301,0.26881720430107525
