매수일,6th,7th,8th,9th,10th,11th,12th,13th,14th,15th
2019-11-15,0.0,0.49019607843137253,1.2254901960784315,0.9803921568627451,0.24509803921568626,0.0,0.24509803921568626,-0.9803921568627451,-1.2254901960784315,-0.9803921568627451
