매수일,6th,7th,8th,9th,10th,11th,12th,13th,14th,15th
2017-12-07,0.5383580080753702,-2.557200538358008,-4.306864064602961,-5.114401076716016,-8.344549125168237,-5.518169582772543,-4.441453566621804,-1.4804845222072678,0.9421265141318977,3.6339165545087484
