매수일,6th,7th,8th,9th,10th,11th,12th,13th,14th,15th
2019-01-14,2.3696682464454977,-0.7109004739336493,-3.3175355450236967,-2.3696682464454977,-2.6066350710900474,-4.976303317535545,-5.213270142180095,-4.976303317535545,-4.976303317535545,-3.3175355450236967
