매수일,6th,7th,8th,9th,10th,11th,12th,13th,14th,15th
2017-11-23,-4.109589041095891,-4.109589041095891,-3.5616438356164384,-6.027397260273973,-7.123287671232877,-10.41095890410959,-9.863013698630137,-7.671232876712328,-4.931506849315069,-1.36986301369863
