매수일,6th,7th,8th,9th,10th,11th,12th,13th,14th,15th
2019-11-15,0.0,0.0,0.0,0.24271844660194175,0.24271844660194175,-0.7281553398058253,-1.941747572815534,-1.941747572815534,-1.4563106796116505,-1.2135922330097086
