매수일,6th,7th,8th,9th,10th,11th,12th,13th,14th,15th
2019-07-31,3.9416058394160585,8.321167883211679,16.05839416058394,24.817518248175183,10.072992700729927,15.620437956204379,11.678832116788321,11.678832116788321,26.277372262773724,25.10948905109489
