매수일,6th,7th,8th,9th,10th,11th,12th,13th,14th,15th
2018-05-03,-3.492063492063492,-3.1746031746031744,-2.2222222222222223,-3.3333333333333335,-1.2698412698412698,0.31746031746031744,0.0,0.15873015873015872,2.2222222222222223,-0.9523809523809523
