매수일,6th,7th,8th,9th,10th,11th,12th,13th,14th,15th
2016-07-28,-1.7857142857142858,-3.061224489795918,-5.739795918367347,-4.336734693877551,-6.760204081632653,-6.25,-8.801020408163266,-9.438775510204081,-9.693877551020408,-9.821428571428571
