매수일,6th,7th,8th,9th,10th,11th,12th,13th,14th,15th
2019-01-03,-2.810810810810811,-3.675675675675676,-0.7567567567567568,-1.7297297297297298,-3.4594594594594597,-4.756756756756757,-6.27027027027027,-5.621621621621622,-5.405405405405405,-2.27027027027027
