매수일,6th,7th,8th,9th,10th,11th,12th,13th,14th,15th
2019-11-01,-3.9542143600416235,-5.411030176899064,-6.347554630593132,-8.844953173777315,-6.659729448491155,-8.636836628511967,-11.758584807492195,-15.608740894901144,-13.631633714880333,-17.065556711758585
