매수일,6th,7th,8th,9th,10th,11th,12th,13th,14th,15th
2017-08-23,0.15384615384615385,1.8461538461538463,0.3076923076923077,-1.3846153846153846,-0.7692307692307693,-2.6153846153846154,-6.3076923076923075,-8.153846153846153,-7.230769230769231,-8.0
