매수일,6th,7th,8th,9th,10th,11th,12th,13th,14th,15th
2018-04-24,-0.31282586027111575,-3.8581856100104277,-4.2752867570385815,-4.1710114702815435,-5.526590198123045,-4.2752867570385815,-4.483837330552659,-6.465067778936392,-6.986444212721585,-6.777893639207508
