매수일,6th,7th,8th,9th,10th,11th,12th,13th,14th,15th
2017-01-04,-1.2048192771084338,-0.8032128514056225,0.0,1.606425702811245,-0.40160642570281124,0.0,0.8032128514056225,-1.606425702811245,-0.8032128514056225,0.8032128514056225
