매수일,6th,7th,8th,9th,10th,11th,12th,13th,14th,15th
2019-11-15,0.0,0.14124293785310735,-1.9774011299435028,-5.367231638418079,2.9661016949152543,5.932203389830509,5.932203389830509,10.875706214689265,14.40677966101695,23.0225988700565
