매수일,6th,7th,8th,9th,10th,11th,12th,13th,14th,15th
2017-11-24,-0.9230769230769231,-1.2307692307692308,-1.8461538461538463,-0.3076923076923077,1.5384615384615385,-0.6153846153846154,-1.0769230769230769,-1.2307692307692308,-2.1538461538461537,-2.0
