매수일,6th,7th,8th,9th,10th,11th,12th,13th,14th,15th
2017-04-24,1.4285714285714286,-0.7142857142857143,-0.7142857142857143,-2.142857142857143,1.4285714285714286,1.4285714285714286,0.35714285714285715,0.7142857142857143,-0.35714285714285715,0.0
