매수일,6th,7th,8th,9th,10th,11th,12th,13th,14th,15th
2018-06-11,3.709949409780776,-4.0472175379426645,-3.0354131534569984,-6.408094435075886,-5.733558178752108,-5.564924114671164,-6.239460370994941,-7.588532883642496,-6.745362563237774,-0.6745362563237775
