매수일,6th,7th,8th,9th,10th,11th,12th,13th,14th,15th
2018-05-09,10.81081081081081,10.565110565110565,21.62162162162162,14.61916461916462,14.987714987714988,4.422604422604422,1.8427518427518428,-0.2457002457002457,1.1056511056511056,2.8255528255528257
