매수일,6th,7th,8th,9th,10th,11th,12th,13th,14th,15th
2015-06-10,8.823529411764707,7.8431372549019605,7.450980392156863,8.235294117647058,9.803921568627452,9.411764705882353,8.235294117647058,5.686274509803922,5.490196078431373,4.705882352941177
