매수일,6th,7th,8th,9th,10th,11th,12th,13th,14th,15th
2019-02-28,0.0,-5.13595166163142,-6.948640483383686,-3.9274924471299095,-8.761329305135952,-7.2507552870090635,-9.365558912386707,-12.990936555891238,-16.012084592145015,-11.782477341389727
