매수일,6th,7th,8th,9th,10th,11th,12th,13th,14th,15th
2011-02-08,0.589622641509434,0.589622641509434,1.4150943396226414,-1.179245283018868,-2.830188679245283,-0.9433962264150944,-0.9433962264150944,-0.9433962264150944,-1.8867924528301887,-4.481132075471698
