매수일,6th,7th,8th,9th,10th,11th,12th,13th,14th,15th
2018-05-09,1.4376996805111821,0.4792332268370607,-5.5910543130990416,-5.271565495207668,-3.6741214057507987,-6.5495207667731625,-6.5495207667731625,-7.348242811501597,-4.63258785942492,-3.8338658146964857
