매수일,6th,7th,8th,9th,10th,11th,12th,13th,14th,15th
2018-03-29,-1.0218978102189782,6.569343065693431,4.525547445255475,5.693430656934306,9.489051094890511,8.613138686131387,8.175182481751825,6.7153284671532845,6.569343065693431,5.985401459854015
