매수일,6th,7th,8th,9th,10th,11th,12th,13th,14th,15th
2017-11-24,0.9977827050997783,2.106430155210643,1.7738359201773837,1.7738359201773837,1.7738359201773837,4.101995565410199,1.1086474501108647,-1.8847006651884701,-7.871396895787139,-5.764966740576496
