매수일,6th,7th,8th,9th,10th,11th,12th,13th,14th,15th
2015-07-14,-2.9940119760479043,-4.191616766467066,-2.155688622754491,-2.754491017964072,-0.47904191616766467,2.9940119760479043,1.5568862275449102,4.431137724550898,4.07185628742515,0.5988023952095808
