매수일,6th,7th,8th,9th,10th,11th,12th,13th,14th,15th
2016-07-05,1.4539579967689822,0.0,1.615508885298869,4.038772213247173,3.0694668820678515,1.7770597738287561,0.6462035541195477,-0.16155088852988692,0.48465266558966075,-0.16155088852988692
