매수일,6th,7th,8th,9th,10th,11th,12th,13th,14th,15th
2017-03-07,3.7593984962406015,-1.0025062656641603,-0.5012531328320802,0.2506265664160401,-0.7518796992481203,-0.2506265664160401,0.0,0.7518796992481203,2.255639097744361,1.7543859649122806
