매수일,6th,7th,8th,9th,10th,11th,12th,13th,14th,15th
2018-01-23,-10.38961038961039,-8.96103896103896,-15.974025974025974,-14.805194805194805,-17.532467532467532,-17.792207792207794,-15.974025974025974,-12.467532467532468,-6.103896103896104,-7.012987012987013
