매수일,6th,7th,8th,9th,10th,11th,12th,13th,14th,15th
2019-07-03,-1.032258064516129,-3.870967741935484,-6.064516129032258,-8.387096774193548,-8.64516129032258,-10.32258064516129,-11.741935483870968,-14.193548387096774,-14.580645161290322,-13.290322580645162
