매수일,6th,7th,8th,9th,10th,11th,12th,13th,14th,15th
2017-11-24,-4.714285714285714,-5.142857142857143,-7.0,-8.428571428571429,-8.571428571428571,-8.571428571428571,-8.857142857142858,-11.285714285714286,-13.571428571428571,-12.428571428571429
