매수일,6th,7th,8th,9th,10th,11th,12th,13th,14th,15th
2018-06-18,-0.5319148936170213,-1.0638297872340425,-0.6382978723404256,-4.574468085106383,-4.148936170212766,-4.574468085106383,-5.0,-5.212765957446808,-5.319148936170213,-5.425531914893617
