매수일,6th,7th,8th,9th,10th,11th,12th,13th,14th,15th
2019-11-15,1.2165450121654502,0.7299270072992701,0.0,0.24330900243309003,0.24330900243309003,0.0,0.24330900243309003,0.24330900243309003,0.24330900243309003,0.24330900243309003
