매수일,6th,7th,8th,9th,10th,11th,12th,13th,14th,15th
2019-11-15,7.1875,2.5,-3.125,-6.25,-1.40625,0.9375,0.0,-3.4375,-2.8125,-2.65625
