매수일,6th,7th,8th,9th,10th,11th,12th,13th,14th,15th
2016-01-05,-7.094594594594595,-7.094594594594595,-6.925675675675675,-1.1824324324324325,-0.5067567567567568,-1.6891891891891893,-1.5202702702702702,-0.33783783783783783,-0.5067567567567568,-2.027027027027027
