매수일,6th,7th,8th,9th,10th,11th,12th,13th,14th,15th
2015-10-20,0.0,2.380952380952381,2.380952380952381,2.380952380952381,2.380952380952381,14.285714285714286,14.285714285714286,14.285714285714286,16.666666666666668,16.666666666666668
