매수일,6th,7th,8th,9th,10th,11th,12th,13th,14th,15th
2011-07-06,-1.0025062656641603,-1.0025062656641603,-1.5037593984962405,-4.511278195488722,-4.010025062656641,-4.010025062656641,-4.010025062656641,-4.260651629072682,-10.776942355889725,-14.035087719298245
