매수일,6th,7th,8th,9th,10th,11th,12th,13th,14th,15th
2019-11-06,-3.026315789473684,-2.3684210526315788,2.1052631578947367,0.39473684210526316,-4.078947368421052,-3.5526315789473686,-2.763157894736842,-2.236842105263158,-1.8421052631578947,-3.1578947368421053
