매수일,6th,7th,8th,9th,10th,11th,12th,13th,14th,15th
2019-08-12,-1.1111111111111112,-2.962962962962963,-0.5555555555555556,2.7777777777777777,3.888888888888889,4.2592592592592595,3.1481481481481484,3.888888888888889,2.2222222222222223,0.9259259259259259
