매수일,6th,7th,8th,9th,10th,11th,12th,13th,14th,15th
2018-06-11,1.6722408026755853,0.0,0.16722408026755853,-4.51505016722408,-5.518394648829432,-8.02675585284281,-8.193979933110368,1.839464882943144,1.3377926421404682,4.3478260869565215
