매수일,6th,7th,8th,9th,10th,11th,12th,13th,14th,15th
2019-08-21,3.9755351681957185,5.198776758409786,-0.3058103975535168,2.7522935779816513,-0.6116207951070336,-1.2232415902140672,0.3058103975535168,4.892966360856269,7.339449541284404,6.422018348623853
