매수일,6th,7th,8th,9th,10th,11th,12th,13th,14th,15th
2017-11-27,-1.5463917525773196,-1.5463917525773196,-0.9020618556701031,-1.5463917525773196,-3.350515463917526,-3.7371134020618557,-3.7371134020618557,-3.0927835051546393,-3.0927835051546393,-3.2216494845360826
