매수일,6th,7th,8th,9th,10th,11th,12th,13th,14th,15th
2016-05-11,13.861386138613861,5.775577557755776,5.9405940594059405,5.115511551155116,6.765676567656766,3.6303630363036303,-1.155115511551155,2.9702970297029703,1.9801980198019802,0.8250825082508251
