매수일,6th,7th,8th,9th,10th,11th,12th,13th,14th,15th
2015-06-02,-7.786885245901639,-2.5956284153005464,-3.8251366120218577,-7.103825136612022,-11.202185792349727,-6.284153005464481,2.3224043715846996,1.639344262295082,-4.371584699453552,-2.5956284153005464
