매수일,6th,7th,8th,9th,10th,11th,12th,13th,14th,15th
2017-11-24,-2.962962962962963,-3.7037037037037037,-1.4814814814814814,1.8518518518518519,-0.37037037037037035,-0.7407407407407407,-3.7037037037037037,-0.7407407407407407,-3.3333333333333335,-3.7037037037037037
