매수일,6th,7th,8th,9th,10th,11th,12th,13th,14th,15th
2017-11-27,-0.6507592190889371,-2.819956616052061,-4.1214750542299345,-4.1214750542299345,-4.3383947939262475,-4.772234273318872,-3.6876355748373104,2.386117136659436,3.6876355748373104,4.3383947939262475
