매수일,6th,7th,8th,9th,10th,11th,12th,13th,14th,15th
2018-05-11,2.26537216828479,0.0,1.779935275080906,4.0453074433656955,1.6181229773462784,0.970873786407767,4.207119741100324,5.17799352750809,3.236245954692557,2.912621359223301
