매수일,6th,7th,8th,9th,10th,11th,12th,13th,14th,15th
2017-11-27,-0.4484304932735426,-0.8968609865470852,-0.4484304932735426,6.726457399103139,2.690582959641256,1.345291479820628,-0.8968609865470852,-6.278026905829597,-9.865470852017937,-14.080717488789238
