매수일,6th,7th,8th,9th,10th,11th,12th,13th,14th,15th
2017-11-24,-0.7751937984496124,-0.3875968992248062,-0.5167958656330749,1.550387596899225,5.038759689922481,5.813953488372093,4.392764857881137,-0.3875968992248062,-1.0335917312661498,1.0335917312661498
