매수일,6th,7th,8th,9th,10th,11th,12th,13th,14th,15th
2015-05-26,-5.235042735042735,-5.128205128205129,-8.226495726495726,-9.82905982905983,-15.705128205128204,-12.5,-12.820512820512821,-15.491452991452991,-13.995726495726496,-13.995726495726496
