매수일,6th,7th,8th,9th,10th,11th,12th,13th,14th,15th
2010-05-31,-5.063291139240507,-4.852320675105485,-5.274261603375527,-4.641350210970464,1.2658227848101267,1.8987341772151898,2.109704641350211,1.8987341772151898,5.274261603375527,5.485232067510548
