매수일,6th,7th,8th,9th,10th,11th,12th,13th,14th,15th
2019-11-15,1.001669449081803,1.669449081803005,1.8363939899833055,1.8363939899833055,2.671118530884808,2.003338898163606,1.8363939899833055,1.669449081803005,1.8363939899833055,1.5025041736227045
