매수일,6th,7th,8th,9th,10th,11th,12th,13th,14th,15th
2018-01-10,0.7226738934056007,-0.6323396567299007,-0.6323396567299007,-0.5420054200542005,-4.336043360433604,-9.39476061427281,-5.871725383920506,-11.924119241192411,-15.356820234869016,-20.95754290876242
