매수일,6th,7th,8th,9th,10th,11th,12th,13th,14th,15th
2019-08-09,0.9411764705882353,0.9411764705882353,0.7058823529411765,0.9411764705882353,0.47058823529411764,0.47058823529411764,0.47058823529411764,0.9411764705882353,0.9411764705882353,0.23529411764705882
