매수일,6th,7th,8th,9th,10th,11th,12th,13th,14th,15th
2018-04-23,-2.4271844660194173,-6.504854368932039,-9.029126213592233,-14.174757281553399,-19.902912621359224,-22.233009708737864,-16.116504854368934,-14.563106796116505,-19.41747572815534,-21.45631067961165
