매수일,6th,7th,8th,9th,10th,11th,12th,13th,14th,15th
2018-06-11,-2.6936026936026938,-4.545454545454546,-8.24915824915825,-15.656565656565656,0.5050505050505051,13.2996632996633,17.50841750841751,13.804713804713804,12.794612794612794,9.25925925925926
