매수일,6th,7th,8th,9th,10th,11th,12th,13th,14th,15th
2018-03-21,-1.7543859649122806,-0.6578947368421053,-2.960526315789474,-2.6315789473684212,0.10964912280701754,0.32894736842105265,2.960526315789474,6.030701754385965,5.482456140350878,13.596491228070175
