매수일,6th,7th,8th,9th,10th,11th,12th,13th,14th,15th
2015-04-03,1.9332161687170475,5.448154657293498,1.757469244288225,-1.5817223198594024,-0.70298769771529,2.9876977152899826,2.460456942003515,6.854130052724077,2.2847100175746924,-0.5272407732864675
