매수일,6th,7th,8th,9th,10th,11th,12th,13th,14th,15th
2018-11-26,0.0,0.0,0.0,0.0,0.0,0.0,0.0,0.7371007371007371,0.9828009828009828,0.9828009828009828
