매수일,6th,7th,8th,9th,10th,11th,12th,13th,14th,15th
2017-09-21,1.3297872340425532,2.925531914893617,1.3297872340425532,1.8617021276595744,1.0638297872340425,-1.5957446808510638,0.0,1.8617021276595744,2.6595744680851063,4.787234042553192
