매수일,6th,7th,8th,9th,10th,11th,12th,13th,14th,15th
2018-11-14,-2.232142857142857,0.0,2.6785714285714284,12.053571428571429,11.607142857142858,18.303571428571427,16.071428571428573,12.053571428571429,12.053571428571429,12.5
