매수일,6th,7th,8th,9th,10th,11th,12th,13th,14th,15th
2016-07-01,8.599167822468793,12.89875173370319,12.066574202496533,11.789181692094314,15.672676837725382,8.737864077669903,3.19001386962552,23.162274618585297,25.65880721220527,18.030513176144243
