매수일,6th,7th,8th,9th,10th,11th,12th,13th,14th,15th
2019-05-27,-0.1692047377326565,-0.5076142131979695,-3.3840947546531304,-2.5380710659898478,-2.3688663282571913,-0.338409475465313,0.338409475465313,-0.5076142131979695,-2.707275803722504,-3.553299492385787
