매수일,6th,7th,8th,9th,10th,11th,12th,13th,14th,15th
2018-05-18,0.27548209366391185,-0.27548209366391185,-2.203856749311295,-1.3774104683195592,-2.7548209366391183,-4.40771349862259,-5.509641873278237,-5.234159779614325,-3.581267217630854,-2.479338842975207
