매수일,6th,7th,8th,9th,10th,11th,12th,13th,14th,15th
2015-03-31,0.8163265306122449,-1.6326530612244898,-0.40816326530612246,0.40816326530612246,15.306122448979592,26.53061224489796,24.897959183673468,16.53061224489796,16.73469387755102,14.081632653061224
