매수일,6th,7th,8th,9th,10th,11th,12th,13th,14th,15th
2012-03-09,-4.682926829268292,-7.317073170731708,-6.341463414634147,-9.268292682926829,-9.365853658536585,-1.4634146341463414,-1.951219512195122,-8.390243902439025,-3.4146341463414633,-3.4146341463414633
