매수일,6th,7th,8th,9th,10th,11th,12th,13th,14th,15th
2019-10-11,0.38461538461538464,-0.1282051282051282,-0.2564102564102564,-0.5128205128205128,0.2564102564102564,-1.6666666666666667,-2.1794871794871793,-2.051282051282051,-1.9230769230769231,-1.794871794871795
