매수일,6th,7th,8th,9th,10th,11th,12th,13th,14th,15th
2018-09-06,-1.263823064770932,3.0015797788309637,0.0,-6.79304897314376,-7.5829383886255926,-5.687203791469194,-9.004739336492891,-10.268562401263823,-9.004739336492891,-16.587677725118482
