매수일,6th,7th,8th,9th,10th,11th,12th,13th,14th,15th
2019-10-07,-1.3513513513513513,3.6036036036036037,3.1531531531531534,0.45045045045045046,3.1531531531531534,-4.954954954954955,-9.90990990990991,-10.63063063063063,-12.252252252252251,-10.0
