매수일,6th,7th,8th,9th,10th,11th,12th,13th,14th,15th
2016-05-18,0.3787878787878788,-2.6515151515151514,-6.691919191919192,-11.11111111111111,-9.722222222222221,-8.45959595959596,-8.964646464646465,-11.868686868686869,-9.343434343434344,-14.141414141414142
