매수일,6th,7th,8th,9th,10th,11th,12th,13th,14th,15th
2018-03-23,-0.1592356687898089,-1.910828025477707,1.4331210191082802,1.5923566878980893,1.7515923566878981,3.0254777070063694,3.0254777070063694,10.19108280254777,18.312101910828027,14.64968152866242
