매수일,6th,7th,8th,9th,10th,11th,12th,13th,14th,15th
2018-01-30,-2.197802197802198,-3.663003663003663,-3.663003663003663,-5.4945054945054945,6.95970695970696,8.058608058608058,4.761904761904762,4.395604395604396,2.93040293040293,13.553113553113553
