매수일,6th,7th,8th,9th,10th,11th,12th,13th,14th,15th
2017-11-24,-3.278688524590164,-5.737704918032787,-4.918032786885246,-5.737704918032787,-2.0491803278688523,-1.639344262295082,1.2295081967213115,2.8688524590163933,-3.278688524590164,-5.327868852459017
