매수일,6th,7th,8th,9th,10th,11th,12th,13th,14th,15th
2017-12-04,0.847457627118644,-3.559322033898305,-8.474576271186441,-8.474576271186441,-9.491525423728813,-8.64406779661017,-6.9491525423728815,-4.067796610169491,-2.2033898305084745,-2.542372881355932
