매수일,6th,7th,8th,9th,10th,11th,12th,13th,14th,15th
2016-10-20,1.1128775834658187,0.0,0.9538950715421304,-7.790143084260731,-4.769475357710652,-1.589825119236884,4.292527821939586,-1.2718600953895072,0.6359300476947536,-1.7488076311605723
