매수일,6th,7th,8th,9th,10th,11th,12th,13th,14th,15th
2016-02-29,-3.747323340471092,-2.890792291220557,-2.9978586723768736,-1.39186295503212,1.4989293361884368,8.35117773019272,7.494646680942184,12.205567451820128,14.775160599571734,8.779443254817988
