매수일,6th,7th,8th,9th,10th,11th,12th,13th,14th,15th
2019-12-05,6.666666666666667,4.912280701754386,3.508771929824561,12.982456140350877,14.736842105263158,11.929824561403509,15.789473684210526,16.140350877192983,18.596491228070175,20.0
