매수일,6th,7th,8th,9th,10th,11th,12th,13th,14th,15th
2019-06-05,-3.7537537537537538,-6.606606606606607,-8.70870870870871,-8.70870870870871,-5.405405405405405,-8.258258258258259,-11.11111111111111,-13.513513513513514,-14.864864864864865,-15.465465465465465
