매수일,6th,7th,8th,9th,10th,11th,12th,13th,14th,15th
2018-12-21,3.372681281618887,1.0118043844856661,3.5413153456998314,2.866779089376054,1.1804384485666104,-2.1922428330522767,-1.854974704890388,0.6745362563237775,-1.349072512647555,2.360876897133221
