매수일,6th,7th,8th,9th,10th,11th,12th,13th,14th,15th
2018-08-06,-1.0355029585798816,0.8875739644970414,4.881656804733728,5.177514792899408,5.325443786982248,5.325443786982248,3.5502958579881656,5.177514792899408,3.698224852071006,2.366863905325444
