매수일,6th,7th,8th,9th,10th,11th,12th,13th,14th,15th
2018-12-05,-0.9308510638297872,-2.2606382978723403,-5.452127659574468,-8.909574468085106,-5.98404255319149,-5.053191489361702,-7.9787234042553195,-10.50531914893617,-10.372340425531915,-9.441489361702128
