매수일,6th,7th,8th,9th,10th,11th,12th,13th,14th,15th
2019-05-03,0.0,0.2824858757062147,-1.1299435028248588,-1.694915254237288,-0.5649717514124294,-0.2824858757062147,-1.9774011299435028,-1.694915254237288,-2.542372881355932,-3.1073446327683616
