매수일,6th,7th,8th,9th,10th,11th,12th,13th,14th,15th
2019-11-06,-2.936378466557912,-1.6313213703099512,-2.936378466557912,-1.3050570962479608,-2.7732463295269167,-3.5889070146818924,-5.057096247960848,-5.057096247960848,-7.014681892332789,-8.809135399673735
